1,2,3,4,5,6,7,8,9,10,11,12,13,14,15,Oven_Mon,RT1,RT2,Time_(s)
21.58,22.33,22.08,21.87,22.15,21.74,22.36,22.15,21.96,21.8,22.02,22.34,22.43,22.13,22.33,21.88,22.66,22.56,0
21.58,22.32,22.08,21.87,22.13,21.74,22.36,22.13,21.96,21.79,22.02,22.35,22.43,22.12,22.33,21.89,22.66,22.56,12
21.58,22.33,22.08,21.87,22.13,21.74,22.36,22.14,21.96,21.79,22.02,22.34,22.43,22.12,22.33,21.9,22.66,22.56,24
21.56,22.33,22.08,21.85,22.12,21.72,22.36,22.13,21.96,21.79,22.0,22.33,22.42,22.11,22.31,21.91,22.66,22.56,36
21.57,22.32,22.07,21.86,22.12,21.73,22.35,22.13,21.96,21.79,22.01,22.34,22.42,22.11,22.32,21.91,22.66,22.56,48
21.57,22.33,22.08,21.86,22.13,21.73,22.36,22.13,21.96,21.79,22.01,22.34,22.42,22.11,22.32,21.92,22.66,22.56,60
21.57,22.32,22.08,21.86,22.12,21.73,22.35,22.13,21.96,21.79,22.01,22.34,22.42,22.11,22.32,21.92,22.66,22.56,72
21.57,22.32,22.07,21.86,22.12,21.73,22.35,22.12,21.95,21.78,22.01,22.34,22.41,22.11,22.32,21.91,22.66,22.56,84
21.57,22.33,22.08,21.86,22.13,21.73,22.36,22.13,21.96,21.79,22.01,22.34,22.43,22.11,22.32,21.94,22.66,22.56,96
21.57,22.33,22.08,21.86,22.12,21.73,22.36,22.14,21.96,21.79,22.01,22.33,22.43,22.11,22.32,21.94,22.66,22.56,108
21.56,22.33,22.08,21.85,22.11,21.73,22.36,22.13,21.96,21.79,22.0,22.33,22.42,22.1,22.31,21.95,22.66,22.56,120
21.57,22.32,22.07,21.86,22.12,21.73,22.35,22.12,21.95,21.78,22.0,22.33,22.41,22.11,22.31,21.95,22.66,22.56,132
21.57,22.33,22.08,21.86,22.12,21.73,22.35,22.13,21.96,21.79,22.0,22.33,22.42,22.11,22.32,21.96,22.66,22.56,144
21.56,22.33,22.08,21.85,22.11,21.73,22.35,22.13,21.96,21.79,21.99,22.32,22.42,22.1,22.31,21.96,22.66,22.56,156
21.56,22.31,22.07,21.86,22.11,21.72,22.34,22.12,21.95,21.78,22.0,22.33,22.41,22.1,22.31,21.95,22.66,22.56,168
21.58,22.32,22.07,21.86,22.13,21.74,22.34,22.12,21.95,21.78,22.01,22.34,22.41,22.11,22.32,21.96,22.66,22.56,180
21.58,22.31,22.07,21.87,22.13,21.74,22.34,22.12,21.95,21.78,22.01,22.34,22.41,22.11,22.32,21.96,22.66,22.56,192
21.57,22.32,22.07,21.86,22.12,21.74,22.34,22.12,21.95,21.78,22.0,22.33,22.41,22.11,22.31,21.97,22.66,22.56,204
21.56,22.31,22.06,21.85,22.11,21.72,22.34,22.11,21.94,21.77,21.99,22.32,22.4,22.1,22.3,21.96,22.66,22.56,216
21.56,22.31,22.07,21.85,22.11,21.72,22.34,22.11,21.95,21.77,21.99,22.32,22.4,22.09,22.3,21.97,22.66,22.56,228
21.56,22.31,22.07,21.85,22.11,21.73,22.34,22.11,21.95,21.77,21.99,22.32,22.4,22.09,22.31,21.98,22.66,22.57,240
21.57,22.31,22.07,21.86,22.12,21.74,22.34,22.11,21.95,21.77,22.0,22.33,22.4,22.1,22.31,21.98,22.66,22.57,252
21.57,22.31,22.06,21.86,22.12,21.74,22.33,22.1,21.94,21.77,22.0,22.33,22.39,22.1,22.31,21.97,22.66,22.57,264
21.57,22.31,22.06,21.86,22.12,21.74,22.33,22.1,21.94,21.77,22.0,22.32,22.4,22.1,22.31,21.98,22.66,22.57,276
21.58,22.31,22.07,21.87,22.12,21.74,22.34,22.11,21.95,21.77,22.0,22.33,22.4,22.1,22.32,21.99,22.66,22.57,288
21.58,22.31,22.06,21.87,22.12,21.74,22.33,22.1,21.94,21.76,22.01,22.33,22.39,22.11,22.32,21.99,22.66,22.57,300
21.58,22.31,22.06,21.86,22.12,21.74,22.33,22.1,21.94,21.76,22.0,22.33,22.39,22.11,22.32,21.99,22.66,22.57,312
21.58,22.31,22.06,21.86,22.12,21.74,22.33,22.1,21.95,21.76,22.0,22.33,22.39,22.11,22.31,22.0,22.66,22.57,324
21.57,22.3,22.05,21.85,22.11,21.73,22.32,22.09,21.94,21.76,22.0,22.32,22.38,22.1,22.31,21.99,22.66,22.57,336
21.58,22.3,22.06,21.86,22.12,21.73,22.33,22.1,21.94,21.76,22.0,22.32,22.39,22.1,22.31,22.0,22.66,22.57,348
21.57,22.3,22.06,21.85,22.11,21.73,22.33,22.1,21.94,21.76,22.0,22.32,22.39,22.1,22.31,22.0,22.67,22.57,360
21.57,22.31,22.06,21.85,22.11,21.73,22.33,22.1,21.95,21.77,22.0,22.32,22.39,22.1,22.31,22.01,22.67,22.57,372
21.58,22.31,22.06,21.86,22.12,21.74,22.33,22.1,21.95,21.76,22.0,22.33,22.39,22.1,22.31,22.01,22.67,22.57,384
21.57,22.31,22.06,21.85,22.11,21.72,22.33,22.1,21.95,21.77,21.99,22.32,22.39,22.09,22.3,22.01,22.67,22.57,396
21.57,22.3,22.06,21.85,22.11,21.73,22.33,22.1,21.95,21.76,22.0,22.32,22.39,22.09,22.3,22.01,22.67,22.57,408
21.57,22.3,22.06,21.85,22.11,21.73,22.32,22.09,21.94,21.76,21.99,22.32,22.39,22.1,22.3,22.01,22.67,22.57,420
21.57,22.31,22.06,21.85,22.11,21.73,22.32,22.09,21.95,21.76,21.99,22.32,22.38,22.1,22.3,22.02,22.67,22.58,432
21.56,22.3,22.06,21.85,22.11,21.72,22.33,22.09,21.95,21.76,21.99,22.31,22.38,22.09,22.3,22.01,22.67,22.58,444
21.57,22.3,22.06,21.85,22.11,21.73,22.32,22.09,21.94,21.76,21.99,22.32,22.38,22.1,22.3,22.01,22.67,22.58,456
21.56,22.3,22.06,21.85,22.11,21.73,22.32,22.09,21.94,21.76,21.99,22.31,22.38,22.09,22.3,22.02,22.67,22.58,468
21.57,22.3,22.06,21.85,22.11,21.73,22.32,22.09,21.95,21.76,21.99,22.31,22.38,22.09,22.3,22.02,22.67,22.58,480
21.6,22.3,22.06,21.85,22.11,21.73,22.32,22.09,21.94,21.75,21.99,22.32,22.38,22.1,22.3,22.02,22.67,22.58,492
21.55,22.3,22.05,21.86,22.12,21.75,22.32,22.09,21.94,21.75,22.0,22.33,22.38,22.11,22.31,22.02,22.67,22.58,504
21.55,22.3,22.06,21.86,22.11,21.74,22.32,22.09,21.94,21.76,21.98,22.32,22.38,22.1,22.3,22.05,22.67,22.58,516
21.59,22.29,22.05,21.86,22.12,21.75,22.32,22.08,21.94,21.75,21.97,22.32,22.38,22.1,22.3,22.17,22.67,22.58,528
21.61,22.29,22.06,21.86,22.13,21.77,22.32,22.09,21.94,21.75,21.97,22.33,22.38,22.1,22.31,22.55,22.67,22.58,540
21.6,22.3,22.07,21.86,22.13,21.77,22.33,22.1,21.95,21.77,21.97,22.33,22.39,22.1,22.3,23.03,22.67,22.58,552
21.59,22.3,22.07,21.86,22.13,21.77,22.33,22.1,21.94,21.77,21.97,22.33,22.39,22.09,22.3,23.59,22.67,22.58,564
21.6,22.3,22.07,21.86,22.12,21.77,22.33,22.1,21.94,21.77,21.96,22.33,22.39,22.08,22.3,24.41,22.67,22.58,576
21.61,22.29,22.07,21.86,22.13,21.78,22.33,22.1,21.94,21.77,21.95,22.34,22.39,22.08,22.3,25.35,22.67,22.59,588
21.6,22.29,22.07,21.85,22.13,21.77,22.33,22.1,21.93,21.77,21.95,22.33,22.39,22.08,22.29,26.09,22.67,22.59,600
21.59,22.29,22.08,21.85,22.13,21.77,22.34,22.11,21.94,21.78,21.94,22.33,22.4,22.07,22.29,26.85,22.67,22.59,612
21.56,22.29,22.08,21.85,22.13,21.77,22.34,22.11,21.94,21.78,21.93,22.33,22.4,22.06,22.28,27.44,22.67,22.59,624
21.54,22.29,22.08,21.85,22.13,21.76,22.34,22.1,21.94,21.77,21.93,22.33,22.4,22.06,22.28,27.84,22.67,22.59,636
21.55,22.28,22.08,21.85,22.13,21.76,22.34,22.1,21.93,21.77,21.93,22.33,22.4,22.06,22.28,28.53,22.68,22.59,648
21.59,22.29,22.08,21.86,22.14,21.77,22.34,22.11,21.93,21.77,21.93,22.35,22.41,22.06,22.29,29.12,22.68,22.59,660
21.56,22.28,22.08,21.85,22.14,21.76,22.34,22.11,21.93,21.77,21.92,22.34,22.41,22.06,22.29,29.77,22.68,22.6,672
21.54,22.28,22.08,21.86,22.14,21.77,22.34,22.11,21.93,21.77,21.93,22.35,22.42,22.07,22.29,30.35,22.68,22.6,684
21.54,22.29,22.09,21.86,22.14,21.76,22.34,22.11,21.94,21.77,21.92,22.35,22.42,22.06,22.29,31.04,22.68,22.6,696
21.58,22.29,22.09,21.86,22.15,21.77,22.35,22.11,21.94,21.78,21.92,22.36,22.43,22.08,22.3,31.48,22.68,22.6,708
21.58,22.29,22.09,21.86,22.15,21.76,22.34,22.12,21.94,21.77,21.92,22.37,22.44,22.08,22.3,32.09,22.68,22.6,720
21.56,22.28,22.09,21.86,22.14,21.76,22.34,22.12,21.94,21.77,21.92,22.37,22.44,22.08,22.3,32.79,22.68,22.61,732
21.53,22.28,22.09,21.87,22.15,21.77,22.34,22.11,21.94,21.77,21.93,22.38,22.45,22.09,22.31,33.24,22.68,22.61,744
21.53,22.28,22.09,21.87,22.15,21.77,22.34,22.12,21.94,21.77,21.93,22.39,22.46,22.1,22.32,33.61,22.69,22.61,756
21.53,22.29,22.1,21.87,22.15,21.77,22.35,22.13,21.95,21.78,21.93,22.39,22.48,22.11,22.32,34.25,22.69,22.61,768
21.54,22.3,22.11,21.88,22.16,21.78,22.36,22.14,21.96,21.79,21.94,22.41,22.5,22.12,22.33,34.94,22.69,22.62,780
21.55,22.3,22.12,21.87,22.16,21.77,22.37,22.15,21.97,21.79,21.94,22.41,22.52,22.13,22.34,35.46,22.69,22.62,792
21.56,22.29,22.11,21.86,22.15,21.76,22.36,22.15,21.96,21.78,21.93,22.41,22.53,22.13,22.34,35.7,22.69,22.62,804
21.57,22.3,22.12,21.87,22.15,21.77,22.36,22.15,21.97,21.79,21.94,22.43,22.55,22.14,22.35,36.14,22.69,22.62,816
21.54,22.31,22.13,21.87,22.16,21.77,22.38,22.17,21.99,21.8,21.95,22.44,22.57,22.16,22.36,36.72,22.7,22.63,828
21.52,22.32,22.14,21.87,22.15,21.77,22.39,22.18,22.0,21.81,21.95,22.45,22.6,22.18,22.36,37.31,22.7,22.63,840
21.55,22.31,22.14,21.89,22.17,21.79,22.39,22.18,22.0,21.81,21.97,22.48,22.61,22.21,22.39,37.69,22.7,22.63,852
21.58,22.32,22.14,21.91,22.19,21.81,22.39,22.19,22.01,21.81,21.99,22.51,22.64,22.24,22.42,38.26,22.7,22.64,864
21.57,22.31,22.15,21.9,22.18,21.8,22.4,22.19,22.01,21.82,21.99,22.51,22.66,22.25,22.42,38.78,22.7,22.64,876
21.58,22.32,22.15,21.91,22.19,21.81,22.41,22.21,22.02,21.82,22.01,22.54,22.68,22.28,22.44,39.29,22.71,22.64,888
21.59,22.33,22.16,21.92,22.2,21.82,22.42,22.22,22.04,21.83,22.02,22.55,22.71,22.31,22.46,39.74,22.71,22.64,900
21.6,22.33,22.16,21.92,22.2,21.82,22.42,22.23,22.04,21.84,22.03,22.57,22.74,22.33,22.47,40.56,22.71,22.65,912
21.61,22.33,22.17,21.92,22.2,21.83,22.43,22.24,22.05,21.85,22.03,22.59,22.77,22.35,22.48,40.99,22.71,22.65,924
21.6,22.33,22.17,21.92,22.2,21.83,22.43,22.24,22.05,21.84,22.05,22.61,22.79,22.38,22.5,41.55,22.72,22.65,936
21.62,22.34,22.18,21.93,22.21,21.85,22.45,22.26,22.07,21.86,22.06,22.64,22.83,22.42,22.52,41.87,22.72,22.66,948
21.64,22.34,22.19,21.94,22.22,21.86,22.45,22.28,22.08,21.86,22.09,22.67,22.86,22.45,22.55,42.39,22.72,22.66,960
21.62,22.35,22.2,21.94,22.23,21.87,22.47,22.29,22.09,21.88,22.1,22.69,22.9,22.48,22.57,43.19,22.72,22.66,972
21.59,22.36,22.2,21.95,22.23,21.88,22.48,22.31,22.1,21.88,22.12,22.72,22.93,22.52,22.59,43.62,22.73,22.67,984
21.62,22.37,22.21,21.96,22.24,21.89,22.49,22.32,22.11,21.9,22.14,22.75,22.97,22.56,22.62,44.01,22.73,22.67,996
21.65,22.37,22.22,21.97,22.25,21.9,22.51,22.34,22.13,21.91,22.16,22.78,23.01,22.6,22.65,44.68,22.73,22.68,1008
21.64,22.38,22.23,21.97,22.25,21.91,22.52,22.36,22.14,21.92,22.18,22.82,23.05,22.64,22.68,45.51,22.74,22.68,1020
21.61,22.38,22.24,21.98,22.26,21.92,22.53,22.38,22.15,21.93,22.2,22.85,23.09,22.69,22.7,45.95,22.74,22.68,1032
21.65,22.39,22.25,21.98,22.27,21.93,22.55,22.39,22.16,21.94,22.22,22.88,23.14,22.73,22.73,46.27,22.74,22.69,1044
21.64,22.39,22.26,21.99,22.28,21.94,22.56,22.41,22.17,21.95,22.24,22.92,23.18,22.77,22.76,46.87,22.74,22.69,1056
21.65,22.4,22.27,22.0,22.28,21.95,22.58,22.43,22.18,21.97,22.26,22.95,23.23,22.82,22.79,47.41,22.75,22.69,1068
21.67,22.42,22.28,22.01,22.3,21.97,22.6,22.46,22.2,21.99,22.3,23.0,23.28,22.88,22.84,47.95,22.75,22.7,1080
21.69,22.43,22.3,22.02,22.31,21.98,22.62,22.48,22.22,22.01,22.33,23.04,23.33,22.93,22.88,48.66,22.75,22.7,1092
21.67,22.44,22.31,22.02,22.31,21.98,22.64,22.5,22.23,22.03,22.35,23.07,23.38,22.97,22.9,49.18,22.76,22.7,1104
21.7,22.46,22.33,22.04,22.33,22.01,22.67,22.53,22.25,22.06,22.39,23.13,23.44,23.04,22.95,49.75,22.76,22.71,1116
21.68,22.47,22.34,22.05,22.33,22.02,22.68,22.55,22.27,22.08,22.43,23.17,23.49,23.09,22.99,50.43,22.76,22.71,1128
21.71,22.48,22.35,22.05,22.34,22.03,22.71,22.57,22.28,22.1,22.46,23.21,23.54,23.15,23.03,51.06,22.77,22.72,1140
21.7,22.48,22.36,22.06,22.36,22.05,22.72,22.59,22.29,22.12,22.5,23.27,23.6,23.21,23.08,51.62,22.77,22.72,1152
21.74,22.5,22.38,22.07,22.36,22.07,22.75,22.62,22.32,22.15,22.54,23.32,23.66,23.27,23.13,52.17,22.77,22.73,1164
21.71,22.52,22.4,22.09,22.37,22.09,22.77,22.64,22.34,22.17,22.58,23.37,23.72,23.33,23.17,52.63,22.78,22.73,1176
21.75,22.53,22.41,22.1,22.38,22.11,22.79,22.67,22.36,22.2,22.62,23.42,23.78,23.39,23.22,53.16,22.78,22.73,1188
21.72,22.54,22.43,22.11,22.39,22.13,22.82,22.7,22.39,22.23,22.65,23.47,23.85,23.45,23.26,53.72,22.78,22.74,1200
21.76,22.55,22.44,22.12,22.4,22.16,22.84,22.72,22.41,22.26,22.7,23.53,23.91,23.51,23.32,54.44,22.79,22.74,1212
21.75,22.57,22.45,22.15,22.42,22.19,22.86,22.74,22.43,22.28,22.75,23.6,23.97,23.58,23.38,54.81,22.79,22.75,1224
21.78,22.58,22.47,22.16,22.44,22.23,22.89,22.77,22.46,22.32,22.8,23.66,24.03,23.65,23.44,55.56,22.79,22.75,1236
21.79,22.6,22.49,22.18,22.46,22.26,22.93,22.8,22.5,22.36,22.85,23.72,24.11,23.72,23.49,56.09,22.8,22.75,1248
21.79,22.62,22.51,22.21,22.48,22.3,22.95,22.83,22.53,22.39,22.9,23.79,24.18,23.8,23.56,56.47,22.8,22.76,1260
21.83,22.63,22.53,22.23,22.5,22.33,22.98,22.86,22.56,22.43,22.95,23.85,24.25,23.87,23.62,56.94,22.8,22.76,1272
21.81,22.65,22.55,22.25,22.52,22.36,23.02,22.9,22.6,22.46,23.0,23.92,24.32,23.95,23.68,57.7,22.81,22.77,1284
21.86,22.68,22.57,22.27,22.54,22.4,23.05,22.93,22.64,22.5,23.06,23.99,24.39,24.03,23.75,57.98,22.81,22.77,1296
21.83,22.69,22.59,22.28,22.55,22.41,23.08,22.96,22.67,22.54,23.1,24.04,24.47,24.09,23.8,58.84,22.82,22.78,1308
21.87,22.71,22.61,22.3,22.57,22.44,23.11,22.99,22.71,22.58,23.15,24.11,24.54,24.17,23.87,59.3,22.82,22.78,1320
21.88,22.73,22.63,22.33,22.59,22.48,23.14,23.03,22.75,22.62,23.21,24.19,24.62,24.24,23.94,59.85,22.82,22.79,1332
21.86,22.75,22.66,22.34,22.61,22.51,23.17,23.06,22.79,22.65,23.26,24.25,24.69,24.32,24.0,60.63,22.83,22.79,1344
21.91,22.77,22.67,22.37,22.64,22.54,23.2,23.09,22.83,22.68,23.32,24.33,24.76,24.4,24.07,61.05,22.83,22.79,1356
21.9,22.79,22.7,22.39,22.66,22.58,23.24,23.13,22.86,22.73,23.37,24.4,24.84,24.48,24.14,61.68,22.83,22.8,1368
21.92,22.81,22.72,22.42,22.69,22.62,23.27,23.16,22.91,22.76,23.44,24.48,24.92,24.57,24.22,62.07,22.84,22.8,1380
21.95,22.84,22.75,22.44,22.71,22.65,23.31,23.21,22.96,22.81,23.5,24.56,25.01,24.65,24.3,62.61,22.84,22.81,1392
21.95,22.86,22.77,22.47,22.74,22.69,23.35,23.24,23.0,22.85,23.57,24.64,25.09,24.75,24.38,63.07,22.84,22.81,1404
22.0,22.89,22.8,22.5,22.77,22.73,23.38,23.28,23.04,22.89,23.63,24.72,25.17,24.84,24.46,63.68,22.85,22.82,1416
21.97,22.91,22.82,22.52,22.79,22.76,23.42,23.32,23.09,22.93,23.68,24.79,25.26,24.91,24.53,64.31,22.85,22.82,1428
22.0,22.93,22.85,22.56,22.83,22.81,23.45,23.36,23.13,22.97,23.76,24.89,25.34,25.02,24.63,64.69,22.85,22.83,1440
22.05,22.96,22.88,22.58,22.85,22.85,23.5,23.41,23.18,23.03,23.83,24.97,25.43,25.11,24.71,65.29,22.86,22.83,1452
22.08,22.98,22.91,22.61,22.88,22.89,23.54,23.45,23.23,23.07,23.9,25.06,25.52,25.2,24.8,65.79,22.86,22.84,1464
22.08,23.01,22.93,22.65,22.92,22.94,23.58,23.49,23.28,23.12,23.98,25.15,25.61,25.31,24.9,66.22,22.86,22.84,1476
22.07,23.04,22.97,22.68,22.95,22.98,23.62,23.55,23.33,23.17,24.05,25.24,25.71,25.4,24.98,66.79,22.87,22.85,1488
22.11,23.06,23.0,22.71,22.98,23.02,23.66,23.59,23.38,23.21,24.12,25.32,25.8,25.5,25.07,67.35,22.87,22.85,1500
22.17,23.09,23.02,22.74,23.01,23.07,23.7,23.63,23.43,23.26,24.2,25.41,25.89,25.6,25.17,67.88,22.88,22.85,1512
22.16,23.11,23.05,22.78,23.04,23.11,23.74,23.67,23.48,23.31,24.28,25.51,25.99,25.7,25.26,68.39,22.88,22.86,1524
22.17,23.14,23.08,22.81,23.07,23.16,23.79,23.72,23.53,23.36,24.35,25.59,26.09,25.79,25.36,68.73,22.88,22.86,1536
22.23,23.16,23.11,22.85,23.1,23.21,23.83,23.77,23.58,23.4,24.44,25.7,26.19,25.91,25.46,69.39,22.89,22.87,1548
22.23,23.19,23.14,22.88,23.13,23.25,23.87,23.82,23.63,23.46,24.52,25.79,26.28,26.01,25.56,69.84,22.89,22.87,1560
22.27,23.22,23.17,22.91,23.17,23.3,23.92,23.86,23.69,23.5,24.6,25.88,26.38,26.11,25.66,70.3,22.89,22.88,1572
22.29,23.25,23.21,22.96,23.21,23.36,23.97,23.92,23.75,23.56,24.69,25.99,26.49,26.22,25.77,70.68,22.9,22.88,1584
22.34,23.28,23.24,22.99,23.25,23.41,24.02,23.98,23.8,23.62,24.79,26.1,26.6,26.34,25.88,71.1,22.9,22.89,1596
22.33,23.32,23.27,23.03,23.28,23.46,24.07,24.03,23.86,23.67,24.87,26.19,26.7,26.44,25.98,71.59,22.9,22.89,1608
22.35,23.35,23.32,23.07,23.32,23.51,24.12,24.09,23.93,23.73,24.96,26.3,26.82,26.56,26.09,72.25,22.91,22.89,1620
22.4,23.38,23.35,23.11,23.36,23.57,24.17,24.14,23.98,23.79,25.06,26.4,26.93,26.67,26.21,72.82,22.91,22.9,1632
22.44,23.41,23.38,23.16,23.39,23.62,24.22,24.19,24.04,23.84,25.15,26.51,27.03,26.79,26.32,73.39,22.91,22.9,1644
22.47,23.45,23.42,23.19,23.43,23.67,24.27,24.25,24.1,23.9,25.24,26.61,27.15,26.9,26.43,73.92,22.92,22.91,1656
22.5,23.48,23.46,23.24,23.47,23.74,24.32,24.31,24.16,23.96,25.34,26.72,27.27,27.02,26.55,74.39,22.92,22.91,1668
22.52,23.52,23.49,23.28,23.51,23.79,24.38,24.37,24.22,24.02,25.44,26.83,27.39,27.14,26.66,74.94,22.92,22.91,1680
22.55,23.55,23.53,23.33,23.56,23.86,24.43,24.43,24.29,24.08,25.55,26.95,27.5,27.27,26.79,75.17,22.93,22.92,1692
22.59,23.6,23.58,23.38,23.61,23.92,24.5,24.5,24.36,24.15,25.66,27.07,27.63,27.39,26.91,75.61,22.93,22.92,1704
22.62,23.63,23.61,23.42,23.65,23.98,24.55,24.56,24.42,24.21,25.77,27.18,27.74,27.52,27.03,75.99,22.93,22.93,1716
22.65,23.67,23.66,23.46,23.69,24.04,24.62,24.63,24.49,24.28,25.87,27.29,27.87,27.63,27.15,76.53,22.94,22.93,1728
22.68,23.72,23.71,23.5,23.73,24.1,24.68,24.7,24.56,24.35,25.97,27.4,27.99,27.75,27.26,77.19,22.94,22.93,1740
22.71,23.75,23.75,23.55,23.77,24.16,24.74,24.76,24.63,24.41,26.08,27.52,28.12,27.88,27.38,77.75,22.94,22.94,1752
22.76,23.79,23.79,23.6,23.82,24.23,24.8,24.82,24.7,24.48,26.2,27.65,28.24,28.01,27.52,78.27,22.95,22.94,1764
22.82,23.83,23.83,23.64,23.86,24.29,24.86,24.88,24.75,24.53,26.3,27.76,28.36,28.14,27.64,78.86,22.95,22.94,1776
22.86,23.87,23.87,23.69,23.9,24.35,24.91,24.95,24.83,24.6,26.42,27.88,28.49,28.27,27.77,79.39,22.95,22.95,1788
22.86,23.91,23.91,23.74,23.96,24.43,24.98,25.02,24.9,24.67,26.55,28.02,28.62,28.41,27.9,80.04,22.96,22.95,1800
22.92,23.96,23.96,23.79,24.0,24.49,25.04,25.09,24.97,24.74,26.67,28.14,28.75,28.54,28.03,80.59,22.96,22.95,1812
22.98,23.99,24.0,23.84,24.05,24.56,25.11,25.15,25.04,24.81,26.79,28.26,28.88,28.67,28.16,80.91,22.96,22.96,1824
23.04,24.04,24.05,23.88,24.1,24.63,25.18,25.23,25.12,24.88,26.91,28.39,29.02,28.81,28.3,81.3,22.97,22.96,1836
23.04,24.09,24.1,23.94,24.16,24.7,25.25,25.3,25.19,24.96,27.04,28.53,29.15,28.95,28.43,81.87,22.97,22.96,1848
23.12,24.13,24.15,24.0,24.21,24.78,25.31,25.37,25.27,25.03,27.17,28.65,29.29,29.08,28.57,82.31,22.97,22.97,1860
23.14,24.18,24.2,24.05,24.26,24.85,25.39,25.46,25.35,25.11,27.3,28.78,29.43,29.22,28.71,82.78,22.97,22.97,1872
23.22,24.23,24.25,24.1,24.31,24.92,25.45,25.52,25.42,25.18,27.43,28.92,29.57,29.36,28.84,83.27,22.98,22.97,1884
23.23,24.28,24.3,24.16,24.36,25.0,25.53,25.6,25.5,25.25,27.56,29.05,29.71,29.51,28.99,83.7,22.98,22.98,1896
23.27,24.32,24.35,24.22,24.42,25.08,25.6,25.68,25.58,25.33,27.7,29.19,29.84,29.66,29.13,84.11,22.98,22.98,1908
23.35,24.38,24.41,24.26,24.46,25.14,25.68,25.76,25.66,25.41,27.82,29.32,29.99,29.79,29.26,84.67,22.99,22.98,1920
23.41,24.43,24.45,24.31,24.52,25.22,25.75,25.83,25.74,25.48,27.96,29.46,30.13,29.93,29.4,85.08,22.99,22.99,1932
23.43,24.49,24.51,24.37,24.58,25.3,25.83,25.92,25.82,25.57,28.11,29.6,30.28,30.08,29.55,85.67,22.99,22.99,1944
23.46,24.54,24.57,24.43,24.64,25.39,25.9,26.0,25.9,25.64,28.25,29.74,30.43,30.23,29.7,86.12,23.0,22.99,1956
23.52,24.59,24.62,24.49,24.7,25.47,25.98,26.08,25.99,25.73,28.39,29.89,30.57,30.38,29.85,86.64,23.0,23.0,1968
23.59,24.64,24.67,24.54,24.74,25.55,26.05,26.16,26.07,25.81,28.53,30.02,30.72,30.52,29.99,87.01,23.0,23.0,1980
23.65,24.7,24.73,24.6,24.8,25.62,26.13,26.24,26.15,25.89,28.67,30.16,30.87,30.66,30.13,87.68,23.0,23.0,1992
23.71,24.75,24.78,24.65,24.85,25.71,26.21,26.32,26.23,25.97,28.81,30.3,31.01,30.81,30.28,88.03,23.01,23.01,2004
23.75,24.8,24.84,24.72,24.92,25.8,26.29,26.4,26.32,26.05,28.97,30.45,31.16,30.97,30.43,88.51,23.01,23.01,2016
23.77,24.86,24.89,24.77,24.97,25.87,26.37,26.49,26.41,26.14,29.11,30.59,31.32,31.12,30.57,89.0,23.01,23.01,2028
23.81,24.93,24.96,24.83,25.03,25.96,26.46,26.59,26.51,26.24,29.26,30.73,31.48,31.27,30.72,89.59,23.02,23.02,2040
23.91,24.98,25.02,24.89,25.09,26.05,26.54,26.67,26.59,26.32,29.41,30.88,31.63,31.42,30.87,90.03,23.02,23.02,2052
23.98,25.03,25.07,24.96,25.16,26.14,26.62,26.75,26.68,26.4,29.57,31.04,31.78,31.58,31.03,90.44,23.02,23.02,2064
23.99,25.1,25.13,25.03,25.22,26.23,26.71,26.85,26.77,26.49,29.73,31.19,31.94,31.74,31.19,90.91,23.02,23.03,2076
24.07,25.16,25.2,25.09,25.29,26.33,26.8,26.94,26.86,26.58,29.88,31.35,32.11,31.91,31.35,91.38,23.03,23.03,2088
24.15,25.22,25.26,25.15,25.35,26.42,26.88,27.03,26.96,26.67,30.04,31.5,32.27,32.06,31.5,91.76,23.03,23.03,2100
24.17,25.29,25.33,25.22,25.41,26.5,26.97,27.12,27.05,26.77,30.19,31.65,32.43,32.22,31.65,92.28,23.03,23.04,2112
24.26,25.35,25.39,25.29,25.48,26.6,27.06,27.22,27.14,26.86,30.35,31.81,32.59,32.38,31.82,92.73,23.04,23.04,2124
24.34,25.42,25.46,25.35,25.54,26.7,27.16,27.32,27.24,26.95,30.51,31.96,32.76,32.54,31.97,93.16,23.04,23.04,2136
24.37,25.48,25.52,25.42,25.62,26.8,27.24,27.41,27.34,27.04,30.68,32.13,32.92,32.72,32.14,93.63,23.04,23.05,2148
24.41,25.55,25.59,25.49,25.68,26.89,27.34,27.51,27.44,27.14,30.84,32.29,33.09,32.88,32.3,94.18,23.04,23.05,2160
24.48,25.62,25.66,25.55,25.75,26.98,27.44,27.61,27.54,27.24,31.0,32.44,33.26,33.04,32.46,94.7,23.05,23.05,2172
24.56,25.68,25.72,25.63,25.83,27.09,27.53,27.7,27.64,27.33,31.17,32.61,33.42,33.22,32.63,95.24,23.05,23.06,2184
24.64,25.75,25.79,25.7,25.89,27.19,27.62,27.8,27.73,27.43,31.33,32.77,33.59,33.38,32.8,95.79,23.05,23.06,2196
24.74,25.82,25.86,25.76,25.96,27.29,27.72,27.9,27.83,27.54,31.5,32.94,33.77,33.55,32.96,96.27,23.06,23.06,2208
24.79,25.89,25.93,25.84,26.03,27.39,27.82,28.0,27.93,27.64,31.67,33.1,33.94,33.72,33.13,96.78,23.06,23.07,2220
24.84,25.97,26.01,25.92,26.12,27.5,27.92,28.11,28.04,27.74,31.85,33.28,34.12,33.9,33.32,97.34,23.06,23.07,2232
24.9,26.04,26.08,25.99,26.18,27.6,28.01,28.21,28.14,27.84,32.01,33.44,34.3,34.07,33.48,97.77,23.06,23.07,2244
24.97,26.1,26.14,26.06,26.25,27.7,28.1,28.3,28.23,27.93,32.18,33.61,34.46,34.24,33.65,98.2,23.07,23.07,2256
25.04,26.18,26.22,26.13,26.33,27.81,28.21,28.42,28.35,28.04,32.36,33.78,34.65,34.42,33.83,98.72,23.07,23.08,2268
25.11,26.26,26.3,26.21,26.41,27.92,28.32,28.53,28.46,28.15,32.54,33.96,34.84,34.6,34.0,99.19,23.07,23.08,2280
25.18,26.33,26.37,26.29,26.49,28.03,28.42,28.63,28.56,28.25,32.72,34.13,35.01,34.77,34.18,99.63,23.07,23.08,2292
25.28,26.41,26.45,26.37,26.57,28.14,28.52,28.74,28.67,28.36,32.91,34.32,35.19,34.96,34.37,100.0,23.08,23.09,2304
25.38,26.49,26.52,26.43,26.64,28.24,28.63,28.85,28.78,28.47,33.07,34.48,35.38,35.12,34.53,100.5,23.08,23.09,2316
25.45,26.57,26.6,26.51,26.71,28.36,28.73,28.95,28.88,28.57,33.26,34.66,35.56,35.31,34.71,100.83,23.08,23.09,2328
25.49,26.65,26.68,26.59,26.79,28.47,28.84,29.06,28.99,28.68,33.44,34.83,35.74,35.49,34.89,101.43,23.08,23.1,2340
25.61,26.73,26.76,26.68,26.88,28.59,28.95,29.17,29.11,28.79,33.63,35.02,35.93,35.68,35.08,101.98,23.09,23.1,2352
25.71,26.81,26.83,26.76,26.96,28.71,29.05,29.28,29.21,28.9,33.82,35.21,36.11,35.87,35.27,102.47,23.09,23.1,2364
25.75,26.89,26.91,26.84,27.05,28.82,29.16,29.4,29.33,29.01,34.01,35.39,36.3,36.05,35.45,103.0,23.09,23.1,2376
25.84,26.98,26.99,26.92,27.12,28.94,29.27,29.51,29.44,29.13,34.19,35.56,36.49,36.24,35.63,103.61,23.1,23.11,2388
25.96,27.06,27.07,27.01,27.21,29.06,29.37,29.62,29.54,29.23,34.39,35.76,36.67,36.43,35.83,104.1,23.1,23.11,2400
26.01,27.15,27.15,27.09,27.3,29.19,29.49,29.74,29.67,29.35,34.59,35.95,36.87,36.63,36.02,104.49,23.1,23.11,2412
26.1,27.24,27.24,27.18,27.38,29.3,29.61,29.86,29.78,29.47,34.77,36.13,37.07,36.81,36.2,104.89,23.1,23.12,2424
26.18,27.32,27.32,27.26,27.47,29.42,29.72,29.97,29.9,29.59,34.97,36.32,37.26,37.0,36.39,105.29,23.11,23.12,2436
26.27,27.41,27.4,27.34,27.55,29.54,29.83,30.09,30.01,29.7,35.16,36.5,37.45,37.19,36.58,105.74,23.11,23.12,2448
26.37,27.5,27.5,27.42,27.63,29.66,29.95,30.21,30.13,29.82,35.35,36.69,37.65,37.37,36.77,106.16,23.11,23.12,2460
26.45,27.59,27.58,27.51,27.72,29.79,30.06,30.32,30.25,29.93,35.55,36.88,37.84,37.57,36.97,106.65,23.11,23.13,2472
26.5,27.68,27.67,27.6,27.81,29.91,30.17,30.44,30.36,30.06,35.74,37.07,38.04,37.77,37.16,107.12,23.12,23.13,2484
26.61,27.77,27.75,27.69,27.91,30.04,30.29,30.56,30.49,30.18,35.95,37.27,38.24,37.97,37.36,107.69,23.12,23.13,2496
26.73,27.86,27.84,27.78,27.99,30.16,30.41,30.68,30.61,30.3,36.15,37.46,38.44,38.16,37.56,108.22,23.12,23.13,2508
26.84,27.96,27.93,27.87,28.09,30.29,30.53,30.81,30.73,30.42,36.35,37.67,38.64,38.36,37.76,108.74,23.12,23.14,2520
26.91,28.05,28.01,27.96,28.18,30.42,30.65,30.93,30.85,30.54,36.55,37.86,38.84,38.56,37.95,109.28,23.13,23.14,2532
26.99,28.14,28.11,28.05,28.27,30.55,30.77,31.05,30.97,30.66,36.77,38.06,39.04,38.76,38.16,109.7,23.13,23.14,2544
27.08,28.23,28.2,28.16,28.38,30.69,30.89,31.18,31.1,30.79,36.98,38.27,39.25,38.97,38.37,110.11,23.13,23.15,2556
27.21,28.33,28.29,28.24,28.47,30.82,31.02,31.31,31.23,30.92,37.18,38.46,39.46,39.17,38.57,110.52,23.13,23.15,2568
27.27,28.42,28.38,28.34,28.56,30.95,31.14,31.43,31.34,31.04,37.39,38.66,39.66,39.37,38.77,110.98,23.14,23.15,2580
27.39,28.53,28.48,28.42,28.65,31.07,31.27,31.56,31.48,31.17,37.6,38.87,39.87,39.57,38.97,111.39,23.14,23.16,2592
27.44,28.63,28.58,28.51,28.74,31.2,31.41,31.7,31.61,31.31,37.79,39.06,40.09,39.76,39.16,111.83,23.14,23.16,2604
27.58,28.73,28.68,28.62,28.85,31.35,31.54,31.83,31.74,31.44,38.02,39.28,40.3,39.98,39.39,112.29,23.14,23.16,2616
27.7,28.83,28.77,28.72,28.95,31.48,31.67,31.96,31.87,31.56,38.23,39.48,40.51,40.19,39.6,112.72,23.15,23.16,2628
27.77,28.93,28.87,28.81,29.05,31.61,31.8,32.09,32.0,31.7,38.44,39.68,40.72,40.39,39.8,113.24,23.15,23.17,2640
27.84,29.03,28.98,28.91,29.15,31.75,31.94,32.23,32.13,31.83,38.65,39.89,40.94,40.6,40.01,113.71,23.15,23.17,2652
27.97,29.13,29.07,29.01,29.25,31.89,32.08,32.36,32.27,31.97,38.87,40.1,41.15,40.8,40.22,114.3,23.15,23.17,2664
28.09,29.24,29.17,29.11,29.36,32.03,32.21,32.49,32.4,32.1,39.09,40.31,41.37,41.02,40.43,114.78,23.16,23.18,2676
28.16,29.34,29.27,29.21,29.46,32.17,32.34,32.62,32.53,32.23,39.3,40.52,41.58,41.22,40.64,115.2,23.16,23.18,2688
28.29,29.44,29.37,29.31,29.56,32.3,32.48,32.76,32.66,32.37,39.52,40.73,41.8,41.44,40.85,115.64,23.16,23.18,2700
28.39,29.55,29.48,29.41,29.66,32.44,32.62,32.9,32.81,32.51,39.74,40.94,42.02,41.64,41.06,116.08,23.16,23.18,2712
28.46,29.66,29.59,29.52,29.77,32.59,32.77,33.05,32.94,32.65,39.97,41.16,42.24,41.87,41.28,116.5,23.17,23.19,2724
28.58,29.77,29.69,29.63,29.89,32.74,32.91,33.18,33.08,32.79,40.2,41.39,42.46,42.09,41.51,116.95,23.17,23.19,2736
28.7,29.88,29.8,29.73,30.0,32.88,33.05,33.33,33.22,32.94,40.42,41.6,42.69,42.3,41.72,117.42,23.17,23.19,2748
28.84,29.99,29.9,29.83,30.11,33.03,33.19,33.47,33.36,33.07,40.64,41.82,42.91,42.52,41.95,117.81,23.17,23.19,2760
28.94,30.1,30.01,29.94,30.21,33.17,33.33,33.61,33.5,33.22,40.86,42.03,43.13,42.73,42.16,118.32,23.17,23.2,2772
29.03,30.21,30.12,30.05,30.32,33.32,33.48,33.76,33.64,33.36,41.09,42.25,43.36,42.95,42.38,118.79,23.18,23.2,2784
29.13,30.31,30.23,30.16,30.44,33.47,33.62,33.9,33.78,33.5,41.33,42.48,43.59,43.18,42.61,119.25,23.18,23.2,2796
29.23,30.43,30.33,30.26,30.55,33.61,33.77,34.05,33.92,33.65,41.55,42.7,43.82,43.4,42.83,119.71,23.18,23.2,2808
29.38,30.54,30.44,30.37,30.66,33.76,33.91,34.19,34.06,33.79,41.77,42.92,44.04,43.61,43.05,120.27,23.18,23.21,2820
29.5,30.65,30.54,30.47,30.76,33.91,34.06,34.34,34.2,33.93,42.0,43.14,44.26,43.83,43.27,120.75,23.19,23.21,2832
29.59,30.77,30.66,30.58,30.88,34.06,34.21,34.49,34.36,34.09,42.24,43.37,44.5,44.06,43.5,121.25,23.19,23.21,2844
29.69,30.89,30.77,30.7,31.0,34.22,34.36,34.64,34.5,34.24,42.47,43.59,44.74,44.29,43.73,121.71,23.19,23.21,2856
29.84,30.99,30.88,30.81,31.11,34.37,34.5,34.77,34.64,34.38,42.7,43.82,44.95,44.51,43.96,122.08,23.19,23.22,2868
29.93,31.12,31.0,30.92,31.23,34.53,34.65,34.93,34.79,34.53,42.94,44.05,45.2,44.74,44.19,122.44,23.2,23.22,2880
30.04,31.24,31.11,31.03,31.34,34.67,34.81,35.09,34.94,34.69,43.16,44.27,45.43,44.96,44.41,122.79,23.2,23.22,2892
30.19,31.35,31.22,31.14,31.46,34.84,34.96,35.24,35.09,34.84,43.41,44.51,45.67,45.19,44.65,123.19,23.2,23.22,2904
30.27,31.48,31.34,31.26,31.59,34.99,35.11,35.39,35.25,35.0,43.65,44.74,45.91,45.43,44.88,123.65,23.2,23.22,2916
30.41,31.59,31.46,31.38,31.7,35.15,35.27,35.54,35.39,35.15,43.88,44.97,46.14,45.65,45.11,124.16,23.2,23.23,2928
30.55,31.72,31.58,31.5,31.83,35.32,35.43,35.7,35.55,35.31,44.13,45.21,46.39,45.89,45.35,124.69,23.21,23.23,2940
30.69,31.85,31.7,31.61,31.95,35.48,35.58,35.86,35.7,35.46,44.37,45.44,46.63,46.12,45.58,125.16,23.21,23.23,2952
30.8,31.97,31.81,31.72,32.07,35.63,35.74,36.01,35.85,35.61,44.6,45.67,46.86,46.35,45.82,125.61,23.21,23.23,2964
30.88,32.09,31.93,31.85,32.2,35.8,35.89,36.17,36.01,35.77,44.85,45.91,47.1,46.59,46.05,126.06,23.21,23.24,2976
31.01,32.22,32.05,31.97,32.32,35.96,36.04,36.32,36.16,35.93,45.1,46.15,47.34,46.83,46.3,126.46,23.22,23.24,2988
31.15,32.34,32.17,32.09,32.45,36.12,36.2,36.48,36.31,36.08,45.33,46.39,47.58,47.06,46.53,126.85,23.22,23.24,3000
31.28,32.47,32.29,32.2,32.57,36.28,36.36,36.64,36.47,36.25,45.58,46.63,47.82,47.3,46.77,127.35,23.22,23.24,3012
31.41,32.61,32.42,32.32,32.7,36.45,36.53,36.81,36.64,36.41,45.82,46.86,48.08,47.53,47.01,127.83,23.22,23.24,3024
31.55,32.74,32.54,32.44,32.82,36.61,36.69,36.97,36.79,36.57,46.06,47.1,48.32,47.77,47.25,128.28,23.22,23.25,3036
31.66,32.87,32.67,32.56,32.95,36.78,36.85,37.13,36.95,36.74,46.32,47.35,48.57,48.01,47.49,128.73,23.23,23.25,3048
31.76,33.01,32.8,32.7,33.1,36.96,37.02,37.3,37.12,36.91,46.58,47.61,48.82,48.26,47.75,129.19,23.23,23.25,3060
31.91,33.14,32.92,32.81,33.21,37.11,37.18,37.46,37.27,37.06,46.81,47.83,49.06,48.49,47.98,129.65,23.23,23.25,3072
32.04,33.27,33.05,32.93,33.34,37.28,37.35,37.62,37.43,37.23,47.05,48.07,49.31,48.73,48.22,130.09,23.23,23.26,3084
32.14,33.41,33.18,33.05,33.46,37.44,37.52,37.79,37.6,37.4,47.3,48.32,49.56,48.97,48.46,130.56,23.23,23.26,3096
32.28,33.54,33.3,33.17,33.59,37.61,37.68,37.95,37.76,37.56,47.55,48.56,49.81,49.2,48.7,130.95,23.24,23.26,3108
32.44,33.69,33.44,33.31,33.73,37.79,37.86,38.13,37.93,37.74,47.8,48.81,50.07,49.45,48.96,131.39,23.24,23.26,3120
32.58,33.83,33.57,33.44,33.87,37.97,38.03,38.3,38.09,37.91,48.06,49.06,50.32,49.7,49.21,131.82,23.24,23.26,3132
32.72,33.96,33.69,33.57,34.01,38.14,38.19,38.46,38.26,38.07,48.32,49.31,50.57,49.95,49.46,132.25,23.24,23.27,3144
32.86,34.1,33.83,33.71,34.15,38.32,38.36,38.63,38.43,38.25,48.58,49.57,50.82,50.2,49.72,132.75,23.24,23.27,3156
32.97,34.24,33.96,33.84,34.29,38.5,38.53,38.8,38.59,38.42,48.84,49.83,51.07,50.45,49.97,133.26,23.25,23.27,3168
33.09,34.39,34.09,33.97,34.42,38.68,38.7,38.97,38.76,38.59,49.09,50.07,51.33,50.69,50.22,133.74,23.25,23.27,3180
33.25,34.53,34.22,34.09,34.55,38.84,38.87,39.14,38.93,38.76,49.33,50.31,51.58,50.93,50.46,134.19,23.25,23.28,3192
33.36,34.67,34.36,34.23,34.69,39.03,39.05,39.32,39.1,38.93,49.6,50.57,51.84,51.18,50.72,134.65,23.25,23.28,3204
33.48,34.82,34.49,34.35,34.83,39.2,39.21,39.49,39.27,39.1,49.85,50.81,52.09,51.42,50.96,135.1,23.25,23.28,3216
33.67,34.96,34.63,34.5,34.97,39.38,39.39,39.66,39.44,39.28,50.12,51.08,52.35,51.69,51.22,135.57,23.26,23.28,3228
33.8,35.11,34.77,34.64,35.12,39.57,39.56,39.84,39.61,39.46,50.38,51.34,52.61,51.94,51.49,135.97,23.26,23.29,3240
33.91,35.26,34.91,34.78,35.27,39.76,39.74,40.02,39.79,39.64,50.65,51.6,52.87,52.2,51.75,136.38,23.26,23.29,3252
34.07,35.41,35.04,34.91,35.4,39.93,39.92,40.19,39.96,39.82,50.9,51.85,53.13,52.44,52.0,136.81,23.26,23.29,3264
34.22,35.55,35.18,35.05,35.54,40.12,40.09,40.37,40.14,39.99,51.16,52.11,53.39,52.7,52.26,137.2,23.26,23.29,3276
34.37,35.7,35.32,35.18,35.68,40.29,40.27,40.54,40.31,40.17,51.42,52.36,53.65,52.95,52.51,137.62,23.27,23.3,3288
34.51,35.85,35.46,35.32,35.83,40.47,40.44,40.72,40.49,40.35,51.68,52.62,53.92,53.2,52.77,138.11,23.27,23.3,3300
34.68,36.01,35.61,35.47,35.98,40.67,40.63,40.91,40.67,40.54,51.96,52.89,54.19,53.47,53.04,138.55,23.27,23.3,3312
34.81,36.17,35.75,35.59,36.12,40.84,40.81,41.09,40.85,40.72,52.21,53.14,54.45,53.71,53.29,138.99,23.27,23.3,3324
34.92,36.32,35.89,35.73,36.26,41.02,40.99,41.27,41.02,40.9,52.47,53.4,54.72,53.97,53.55,139.38,23.27,23.31,3336
35.07,36.47,36.04,35.88,36.42,41.22,41.16,41.45,41.2,41.08,52.75,53.67,54.98,54.23,53.82,139.87,23.28,23.31,3348
35.25,36.63,36.18,36.02,36.56,41.41,41.36,41.64,41.39,41.28,53.01,53.93,55.26,54.49,54.08,140.31,23.28,23.31,3360
35.41,36.78,36.33,36.17,36.72,41.59,41.53,41.82,41.56,41.45,53.28,54.19,55.52,54.75,54.35,140.72,23.28,23.32,3372
35.52,36.94,36.47,36.3,36.86,41.78,41.72,42.01,41.74,41.64,53.54,54.45,55.79,55.01,54.61,141.15,23.28,23.32,3384
35.65,37.09,36.62,36.45,37.01,41.96,41.9,42.19,41.93,41.82,53.8,54.72,56.06,55.26,54.87,141.6,23.28,23.32,3396
35.79,37.25,36.76,36.6,37.16,42.16,42.08,42.37,42.11,42.01,54.08,54.99,56.33,55.53,55.14,142.05,23.29,23.32,3408
35.99,37.42,36.92,36.76,37.33,42.36,42.27,42.57,42.3,42.2,54.36,55.27,56.61,55.81,55.43,142.46,23.29,23.33,3420
36.16,37.57,37.06,36.9,37.48,42.54,42.45,42.75,42.47,42.38,54.62,55.53,56.87,56.06,55.69,142.86,23.29,23.33,3432
36.28,37.73,37.22,37.05,37.63,42.74,42.65,42.94,42.67,42.58,54.9,55.8,57.15,56.33,55.96,143.25,23.29,23.33,3444
36.42,37.9,37.37,37.2,37.79,42.93,42.84,43.13,42.85,42.77,55.18,56.08,57.42,56.6,56.23,143.74,23.3,23.34,3456
36.59,38.05,37.51,37.34,37.94,43.13,43.02,43.32,43.03,42.96,55.44,56.34,57.69,56.86,56.5,144.16,23.3,23.34,3468
36.78,38.22,37.68,37.5,38.11,43.33,43.22,43.52,43.23,43.16,55.73,56.62,57.98,57.14,56.78,144.6,23.3,23.34,3480
36.94,38.4,37.84,37.66,38.27,43.53,43.42,43.72,43.43,43.36,56.01,56.9,58.26,57.42,57.06,145.13,23.3,23.35,3492
37.1,38.57,38.0,37.8,38.42,43.72,43.61,43.91,43.62,43.55,56.28,57.17,58.54,57.67,57.33,145.6,23.3,23.35,3504
37.25,38.73,38.15,37.95,38.57,43.91,43.81,44.11,43.81,43.75,56.54,57.43,58.82,57.94,57.59,146.08,23.31,23.35,3516
37.4,38.9,38.31,38.1,38.73,44.11,44.01,44.31,44.0,43.94,56.83,57.72,59.1,58.21,57.87,146.49,23.31,23.35,3528
37.53,39.05,38.46,38.26,38.9,44.31,44.19,44.49,44.18,44.13,57.11,57.99,59.37,58.48,58.15,146.9,23.31,23.36,3540
37.69,39.23,38.62,38.41,39.06,44.51,44.39,44.7,44.38,44.33,57.38,58.27,59.66,58.75,58.42,147.39,23.31,23.36,3552
37.89,39.4,38.78,38.58,39.23,44.72,44.59,44.89,44.58,44.53,57.67,58.56,59.94,59.04,58.72,147.8,23.32,23.36,3564
38.0,39.57,38.94,38.72,39.38,44.9,44.79,45.09,44.77,44.73,57.94,58.82,60.22,59.3,58.98,148.17,23.32,23.37,3576
38.14,39.74,39.1,38.88,39.54,45.11,44.99,45.29,44.97,44.94,58.22,59.1,60.51,59.58,59.26,148.54,23.32,23.37,3588
38.33,39.92,39.27,39.05,39.72,45.32,45.19,45.5,45.17,45.14,58.51,59.39,60.79,59.86,59.55,148.91,23.32,23.37,3600
38.5,40.08,39.42,39.21,39.88,45.52,45.39,45.69,45.36,45.34,58.79,59.67,61.07,60.13,59.82,149.32,23.33,23.37,3612
38.7,40.26,39.59,39.37,40.05,45.73,45.6,45.9,45.56,45.54,59.08,59.96,61.36,60.41,60.12,149.79,23.33,23.38,3624
38.88,40.44,39.76,39.54,40.23,45.94,45.81,46.11,45.77,45.75,59.38,60.25,61.66,60.7,60.41,150.3,23.33,23.38,3636
39.02,40.61,39.92,39.69,40.39,46.14,46.0,46.31,45.97,45.95,59.65,60.52,61.93,60.97,60.68,150.68,23.33,23.38,3648
39.17,40.78,40.09,39.86,40.56,46.34,46.21,46.51,46.16,46.15,59.94,60.81,62.22,61.25,60.96,151.18,23.34,23.39,3660
39.34,40.97,40.27,40.03,40.73,46.55,46.43,46.73,46.38,46.37,60.23,61.1,62.52,61.53,61.25,151.63,23.34,23.39,3672
39.51,41.14,40.43,40.18,40.9,46.76,46.63,46.93,46.57,46.57,60.51,61.38,62.8,61.8,61.53,152.04,23.34,23.39,3684
39.71,41.32,40.6,40.35,41.08,46.97,46.84,47.14,46.78,46.78,60.8,61.67,63.1,62.09,61.83,152.41,23.34,23.4,3696
39.88,41.5,40.77,40.52,41.25,47.18,47.06,47.35,46.99,46.99,61.09,61.96,63.4,62.37,62.12,152.78,23.34,23.4,3708
40.01,41.67,40.93,40.67,41.42,47.38,47.25,47.55,47.18,47.19,61.36,62.24,63.68,62.64,62.39,153.27,23.35,23.4,3720
40.17,41.85,41.11,40.85,41.59,47.6,47.47,47.76,47.39,47.4,61.66,62.53,63.97,62.93,62.68,153.77,23.35,23.4,3732
40.38,42.03,41.29,41.01,41.76,47.8,47.68,47.98,47.6,47.62,61.94,62.82,64.27,63.21,62.97,154.18,23.35,23.41,3744
40.51,42.21,41.46,41.17,41.93,48.01,47.89,48.19,47.81,47.83,62.23,63.1,64.56,63.49,63.25,154.59,23.35,23.41,3756
40.72,42.4,41.63,41.35,42.11,48.23,48.11,48.4,48.02,48.04,62.52,63.39,64.86,63.78,63.55,155.0,23.36,23.41,3768
40.91,42.58,41.8,41.52,42.3,48.45,48.32,48.61,48.22,48.25,62.82,63.7,65.15,64.07,63.85,155.4,23.36,23.41,3780
41.03,42.76,41.98,41.68,42.47,48.65,48.53,48.83,48.43,48.47,63.1,63.98,65.45,64.35,64.13,155.79,23.36,23.42,3792
41.2,42.95,42.16,41.84,42.63,48.86,48.76,49.05,48.65,48.69,63.38,64.26,65.75,64.62,64.41,156.22,23.36,23.42,3804
41.4,43.14,42.35,42.02,42.82,49.08,48.98,49.27,48.87,48.91,63.68,64.56,66.06,64.92,64.72,156.61,23.37,23.42,3816
41.58,43.31,42.51,42.2,43.0,49.3,49.18,49.47,49.06,49.11,63.97,64.85,66.34,65.2,65.01,157.01,23.37,23.43,3828
41.77,43.5,42.69,42.38,43.18,49.52,49.4,49.7,49.28,49.34,64.27,65.15,66.65,65.5,65.31,157.22,23.37,23.43,3840
41.95,43.69,42.87,42.55,43.37,49.74,49.62,49.92,49.49,49.56,64.57,65.45,66.95,65.79,65.61,157.73,23.37,23.43,3852
42.14,43.88,43.05,42.72,43.55,49.95,49.84,50.13,49.71,49.77,64.86,65.74,67.25,66.07,65.9,158.12,23.37,23.43,3864
42.32,44.06,43.23,42.9,43.73,50.17,50.06,50.34,49.92,49.99,65.16,66.04,67.55,66.37,66.2,158.61,23.38,23.44,3876
42.49,44.26,43.42,43.07,43.91,50.39,50.28,50.57,50.14,50.21,65.45,66.34,67.85,66.66,66.49,159.04,23.38,23.44,3888
42.66,44.44,43.59,43.25,44.1,50.61,50.49,50.78,50.34,50.42,65.75,66.64,68.15,66.95,66.79,159.48,23.38,23.44,3900
42.86,44.62,43.77,43.42,44.29,50.83,50.71,51.0,50.55,50.64,66.05,66.94,68.44,67.24,67.09,159.91,23.38,23.44,3912
43.06,44.82,43.96,43.61,44.48,51.06,50.94,51.23,50.78,50.87,66.36,67.25,68.76,67.55,67.4,160.41,23.39,23.45,3924
43.24,45.02,44.15,43.78,44.66,51.27,51.16,51.45,51.0,51.09,66.65,67.54,69.07,67.83,67.69,160.83,23.39,23.45,3936
43.44,45.21,44.34,43.98,44.86,51.51,51.39,51.68,51.22,51.32,66.96,67.86,69.37,68.14,68.01,161.28,23.39,23.45,3948
43.61,45.41,44.53,44.15,45.05,51.72,51.61,51.9,51.44,51.54,67.25,68.15,69.68,68.43,68.3,161.69,23.39,23.45,3960
43.77,45.6,44.71,44.33,45.23,51.94,51.83,52.12,51.65,51.76,67.55,68.45,69.98,68.72,68.6,162.06,23.39,23.46,3972
43.95,45.8,44.9,44.51,45.42,52.17,52.06,52.35,51.87,51.99,67.85,68.75,70.29,69.02,68.9,162.47,23.4,23.46,3984
44.16,46.0,45.1,44.7,45.61,52.4,52.29,52.58,52.1,52.22,68.16,69.06,70.61,69.33,69.21,162.84,23.4,23.46,3996
44.35,46.19,45.28,44.88,45.8,52.62,52.51,52.8,52.31,52.44,68.46,69.36,70.9,69.62,69.51,163.2,23.4,23.46,4008
44.55,46.38,45.47,45.08,46.01,52.86,52.74,53.03,52.53,52.67,68.77,69.68,71.21,69.93,69.83,163.6,23.4,23.47,4020
44.75,46.59,45.67,45.27,46.21,53.09,52.98,53.26,52.76,52.9,69.08,69.99,71.53,70.24,70.15,164.05,23.4,23.47,4032
44.92,46.78,45.85,45.44,46.38,53.3,53.2,53.48,52.98,53.12,69.37,70.28,71.83,70.51,70.43,164.48,23.41,23.47,4044
45.1,46.98,46.04,45.61,46.57,53.52,53.43,53.71,53.2,53.35,69.67,70.58,72.14,70.8,70.73,164.94,23.41,23.47,4056
45.29,47.19,46.24,45.81,46.77,53.76,53.66,53.95,53.43,53.59,69.99,70.9,72.46,71.12,71.05,165.33,23.41,23.48,4068
45.46,47.39,46.44,46.0,46.97,53.99,53.89,54.18,53.66,53.82,70.29,71.2,72.77,71.41,71.35,165.77,23.41,23.48,4080
45.62,47.6,46.64,46.19,47.16,54.22,54.13,54.42,53.89,54.06,70.59,71.5,73.09,71.71,71.65,166.12,23.41,23.48,4092
45.83,47.8,46.84,46.38,47.36,54.45,54.36,54.65,54.11,54.29,70.9,71.82,73.4,72.02,71.97,166.51,23.42,23.48,4104
46.04,47.99,47.02,46.57,47.56,54.69,54.59,54.87,54.33,54.51,71.2,72.12,73.7,72.32,72.28,166.89,23.42,23.49,4116
46.24,48.2,47.22,46.77,47.77,54.92,54.83,55.11,54.57,54.75,71.51,72.44,74.03,72.63,72.6,167.26,23.42,23.49,4128
46.45,48.41,47.43,46.96,47.97,55.16,55.07,55.35,54.8,54.99,71.83,72.75,74.35,72.94,72.91,167.73,23.42,23.49,4140
46.66,48.62,47.63,47.15,48.17,55.39,55.31,55.59,55.04,55.23,72.13,73.06,74.66,73.24,73.22,168.16,23.42,23.49,4152
46.87,48.82,47.82,47.34,48.37,55.63,55.54,55.82,55.26,55.46,72.44,73.37,74.97,73.54,73.53,168.58,23.43,23.5,4164
47.08,49.03,48.03,47.54,48.57,55.87,55.78,56.06,55.5,55.7,72.76,73.69,75.3,73.86,73.85,169.04,23.43,23.5,4176
47.27,49.24,48.22,47.73,48.77,56.1,56.01,56.3,55.72,55.93,73.06,73.99,75.6,74.15,74.15,169.46,23.43,23.5,4188
47.43,49.45,48.42,47.93,48.98,56.34,56.25,56.54,55.95,56.18,73.38,74.32,75.93,74.47,74.47,169.95,23.43,23.5,4200
47.64,49.66,48.63,48.14,49.19,56.59,56.49,56.78,56.19,56.42,73.7,74.64,76.25,74.78,74.8,170.3,23.43,23.51,4212
47.87,49.87,48.83,48.33,49.39,56.83,56.73,57.01,56.42,56.65,74.0,74.95,76.56,75.09,75.11,170.71,23.44,23.51,4224
48.09,50.08,49.03,48.53,49.6,57.07,56.97,57.26,56.65,56.89,74.32,75.26,76.88,75.4,75.42,171.1,23.44,23.51,4236
48.29,50.29,49.24,48.73,49.8,57.31,57.22,57.5,56.89,57.14,74.63,75.58,77.21,75.71,75.74,171.45,23.44,23.51,4248
48.48,50.49,49.43,48.91,50.0,57.53,57.45,57.73,57.12,57.37,74.93,75.88,77.51,76.0,76.04,171.66,23.44,23.52,4260
48.67,50.71,49.64,49.13,50.22,57.79,57.7,57.98,57.36,57.62,75.26,76.21,77.84,76.33,76.37,172.13,23.45,23.52,4272
48.86,50.93,49.85,49.33,50.43,58.03,57.95,58.23,57.61,57.87,75.58,76.53,78.17,76.64,76.69,172.59,23.45,23.52,4284
49.05,51.14,50.06,49.53,50.63,58.27,58.2,58.48,57.85,58.11,75.89,76.84,78.49,76.95,77.01,173.02,23.45,23.52,4296
49.28,51.35,50.27,49.74,50.85,58.52,58.44,58.72,58.08,58.35,76.21,77.17,78.81,77.26,77.33,173.46,23.45,23.53,4308
49.52,51.57,50.47,49.94,51.05,58.76,58.69,58.96,58.32,58.6,76.52,77.48,79.14,77.57,77.65,173.82,23.45,23.53,4320
49.69,51.78,50.68,50.15,51.27,59.01,58.93,59.2,58.56,58.84,76.84,77.8,79.46,77.88,77.97,174.3,23.45,23.53,4332
49.9,52.0,50.9,50.35,51.48,59.26,59.18,59.46,58.8,59.09,77.16,78.13,79.79,78.2,78.3,174.76,23.46,23.53,4344
50.14,52.22,51.11,50.56,51.7,59.51,59.43,59.71,59.05,59.34,77.48,78.45,80.11,78.52,78.63,175.22,23.46,23.54,4356
50.37,52.44,51.31,50.77,51.91,59.75,59.68,59.95,59.28,59.59,77.8,78.77,80.44,78.83,78.95,175.61,23.46,23.54,4368
50.58,52.66,51.52,50.96,52.12,59.99,59.93,60.2,59.53,59.83,78.11,79.09,80.76,79.15,79.26,176.03,23.46,23.54,4380
50.77,52.88,51.74,51.17,52.33,60.24,60.18,60.45,59.77,60.09,78.43,79.41,81.09,79.46,79.59,176.41,23.46,23.55,4392
50.98,53.1,51.95,51.37,52.54,60.48,60.43,60.7,60.02,60.34,78.74,79.73,81.42,79.77,79.9,176.8,23.47,23.55,4404
51.2,53.32,52.17,51.59,52.76,60.73,60.69,60.96,60.26,60.59,79.07,80.06,81.75,80.09,80.24,177.22,23.47,23.55,4416
51.4,53.54,52.38,51.79,52.97,60.98,60.94,61.21,60.51,60.84,79.39,80.38,82.08,80.41,80.56,177.63,23.47,23.55,4428
51.63,53.75,52.59,52.02,53.21,61.25,61.19,61.45,60.74,61.08,79.73,80.73,82.4,80.75,80.91,177.98,23.47,23.56,4440
51.83,53.99,52.81,52.23,53.43,61.49,61.44,61.71,61.0,61.34,80.05,81.05,82.74,81.07,81.24,178.43,23.47,23.56,4452
52.04,54.22,53.03,52.43,53.64,61.74,61.71,61.97,61.25,61.59,80.37,81.37,83.08,81.38,81.55,178.8,23.48,23.56,4464
52.23,54.44,53.25,52.65,53.86,61.99,61.96,62.23,61.49,61.85,80.69,81.7,83.41,81.7,81.88,179.2,23.48,23.56,4476
52.44,54.67,53.47,52.86,54.08,62.24,62.22,62.48,61.75,62.11,81.02,82.03,83.75,82.02,82.21,179.62,23.48,23.56,4488
52.66,54.9,53.7,53.07,54.3,62.49,62.48,62.74,62.0,62.36,81.34,82.35,84.09,82.34,82.54,180.04,23.48,23.57,4500
52.89,55.12,53.91,53.28,54.53,62.74,62.73,62.99,62.24,62.61,81.67,82.69,84.41,82.67,82.87,180.41,23.48,23.57,4512
53.14,55.35,54.13,53.5,54.75,63.0,62.99,63.25,62.49,62.87,81.99,83.01,84.75,82.99,83.2,180.8,23.48,23.57,4524
53.38,55.59,54.36,53.72,54.98,63.26,63.25,63.52,62.75,63.13,82.32,83.35,85.09,83.32,83.54,181.23,23.49,23.57,4536
53.58,55.81,54.57,53.93,55.2,63.51,63.51,63.77,62.99,63.39,82.64,83.67,85.42,83.63,83.86,181.69,23.49,23.58,4548
53.8,56.05,54.8,54.14,55.42,63.76,63.77,64.04,63.25,63.65,82.97,84.01,85.76,83.96,84.2,182.14,23.49,23.58,4560
54.01,56.27,55.02,54.35,55.64,64.01,64.03,64.3,63.51,63.91,83.29,84.33,86.1,84.28,84.52,182.52,23.49,23.58,4572
54.2,56.5,55.24,54.58,55.87,64.27,64.29,64.56,63.76,64.17,83.62,84.66,86.43,84.6,84.85,182.87,23.49,23.58,4584
54.43,56.74,55.47,54.8,56.1,64.53,64.56,64.82,64.01,64.43,83.96,85.0,86.77,84.93,85.19,183.28,23.5,23.59,4596
54.69,56.97,55.69,55.02,56.33,64.79,64.82,65.08,64.27,64.69,84.28,85.34,87.11,85.26,85.53,183.63,23.5,23.59,4608
54.92,57.2,55.91,55.24,56.55,65.05,65.07,65.34,64.52,64.95,84.61,85.66,87.44,85.59,85.86,184.07,23.5,23.59,4620
55.14,57.44,56.15,55.46,56.79,65.31,65.35,65.61,64.78,65.22,84.95,86.01,87.79,85.92,86.2,184.57,23.5,23.59,4632
55.34,57.68,56.38,55.67,57.01,65.56,65.62,65.88,65.04,65.48,85.27,86.33,88.14,86.24,86.53,185.04,23.5,23.59,4644
55.52,57.91,56.6,55.89,57.23,65.81,65.88,66.14,65.29,65.74,85.58,86.66,88.47,86.56,86.85,185.38,23.5,23.6,4656
55.79,58.14,56.82,56.12,57.48,66.08,66.14,66.4,65.55,66.0,85.92,87.0,88.8,86.89,87.2,185.81,23.51,23.6,4668
56.04,58.38,57.05,56.34,57.7,66.34,66.41,66.67,65.8,66.27,86.26,87.34,89.15,87.22,87.54,186.16,23.51,23.6,4680
56.25,58.62,57.28,56.58,57.95,66.62,66.67,66.93,66.06,66.53,86.6,87.69,89.49,87.57,87.88,186.46,23.51,23.6,4692
56.46,58.86,57.51,56.8,58.18,66.88,66.95,67.21,66.32,66.8,86.94,88.02,89.83,87.9,88.22,186.93,23.51,23.61,4704
56.72,59.1,57.75,57.02,58.42,67.14,67.21,67.47,66.59,67.07,87.26,88.36,90.17,88.22,88.56,187.34,23.51,23.61,4716
56.97,59.32,57.96,57.25,58.65,67.4,67.47,67.73,66.83,67.32,87.6,88.7,90.5,88.56,88.9,187.66,23.51,23.61,4728
57.21,59.57,58.21,57.49,58.9,67.68,67.75,68.01,67.1,67.6,87.94,89.05,90.86,88.9,89.25,188.08,23.52,23.61,4740
57.42,59.82,58.45,57.71,59.13,67.94,68.03,68.29,67.37,67.88,88.27,89.38,91.21,89.22,89.58,188.51,23.52,23.61,4752
57.62,60.05,58.67,57.93,59.35,68.19,68.29,68.55,67.63,68.14,88.59,89.7,91.54,89.54,89.91,188.88,23.52,23.62,4764
57.85,60.29,58.9,58.15,59.59,68.46,68.55,68.82,67.89,68.4,88.93,90.04,91.89,89.88,90.25,189.28,23.52,23.62,4776
58.08,60.54,59.14,58.39,59.83,68.73,68.83,69.1,68.16,68.68,89.27,90.39,92.24,90.22,90.6,189.68,23.52,23.62,4788
58.31,60.77,59.37,58.63,60.08,69.01,69.1,69.36,68.42,68.95,89.61,90.73,92.58,90.56,90.94,190.14,23.52,23.62,4800
58.56,61.01,59.61,58.85,60.32,69.28,69.37,69.63,68.68,69.22,89.95,91.08,92.92,90.9,91.29,190.54,23.53,23.63,4812
58.8,61.26,59.85,59.08,60.55,69.54,69.65,69.91,68.95,69.5,90.27,91.41,93.28,91.22,91.62,190.84,23.53,23.63,4824
59.06,61.5,60.08,59.32,60.8,69.82,69.92,70.18,69.21,69.77,90.62,91.77,93.62,91.57,91.98,191.35,23.53,23.63,4836
59.31,61.74,60.31,59.55,61.04,70.09,70.18,70.45,69.47,70.03,90.96,92.11,93.96,91.9,92.32,191.78,23.53,23.63,4848
59.53,61.99,60.55,59.79,61.27,70.36,70.47,70.73,69.75,70.31,91.29,92.44,94.31,92.23,92.66,192.19,23.53,23.63,4860
59.75,62.23,60.78,60.03,61.52,70.63,70.74,71.0,70.01,70.59,91.64,92.8,94.66,92.58,93.01,192.59,23.54,23.64,4872
59.99,62.48,61.03,60.28,61.78,70.92,71.02,71.29,70.29,70.87,91.99,93.15,95.02,92.93,93.37,193.05,23.54,23.64,4884
60.21,62.73,61.27,60.5,62.01,71.18,71.3,71.57,70.56,71.15,92.32,93.49,95.37,93.26,93.71,193.5,23.54,23.64,4896
60.47,62.97,61.5,60.74,62.25,71.45,71.57,71.84,70.82,71.41,92.66,93.83,95.71,93.6,94.05,193.94,23.54,23.64,4908
60.74,63.22,61.74,60.96,62.49,71.72,71.85,72.12,71.09,71.69,92.99,94.16,96.06,93.93,94.39,194.32,23.54,23.65,4920
60.95,63.47,61.98,61.19,62.73,71.99,72.13,72.4,71.36,71.98,93.32,94.5,96.41,94.26,94.73,194.66,23.54,23.65,4932
61.17,63.71,62.22,61.44,62.98,72.27,72.4,72.67,71.63,72.25,93.67,94.85,96.76,94.6,95.08,194.98,23.55,23.65,4944
61.43,63.96,62.47,61.69,63.24,72.55,72.69,72.96,71.9,72.53,94.03,95.21,97.11,94.96,95.44,195.41,23.55,23.65,4956
61.67,64.22,62.72,61.91,63.47,72.81,72.98,73.25,72.19,72.82,94.36,95.54,97.47,95.28,95.78,195.76,23.55,23.65,4968
61.93,64.47,62.95,62.15,63.72,73.1,73.25,73.52,72.45,73.09,94.7,95.9,97.82,95.63,96.13,196.19,23.55,23.66,4980
62.17,64.72,63.2,62.4,63.97,73.37,73.53,73.8,72.73,73.37,95.05,96.24,98.17,95.97,96.48,196.58,23.55,23.66,4992
62.38,64.98,63.45,62.64,64.22,73.65,73.81,74.09,73.01,73.66,95.38,96.59,98.53,96.31,96.83,197.03,23.55,23.66,5004
62.66,65.22,63.68,62.88,64.47,73.93,74.09,74.36,73.27,73.93,95.73,96.94,98.87,96.66,97.18,197.46,23.56,23.66,5016
62.94,65.48,63.94,63.13,64.73,74.22,74.38,74.66,73.55,74.22,96.09,97.3,99.23,97.01,97.54,197.99,23.56,23.67,5028
63.14,65.74,64.19,63.37,64.98,74.5,74.67,74.94,73.83,74.51,96.43,97.64,99.59,97.35,97.89,198.36,23.56,23.67,5040
63.4,65.99,64.43,63.61,65.23,74.77,74.94,75.22,74.1,74.78,96.76,97.99,99.94,97.69,98.24,198.77,23.56,23.67,5052
63.69,66.24,64.68,63.86,65.49,75.07,75.23,75.51,74.38,75.07,97.12,98.35,100.29,98.04,98.6,199.15,23.56,23.67,5064
63.93,66.5,64.92,64.1,65.74,75.34,75.52,75.8,74.66,75.36,97.46,98.69,100.65,98.38,98.94,199.52,23.57,23.68,5076
64.19,66.75,65.17,64.35,66.0,75.63,75.8,76.07,74.93,75.63,97.81,99.05,101.0,98.73,99.3,199.85,23.57,23.68,5088
64.43,67.01,65.42,64.6,66.26,75.91,76.09,76.37,75.21,75.92,98.16,99.4,101.36,99.08,99.66,200.32,23.57,23.68,5100
64.65,67.28,65.67,64.84,66.5,76.18,76.38,76.66,75.49,76.21,98.49,99.74,101.72,99.41,100.0,200.72,23.57,23.68,5112
64.91,67.53,65.92,65.1,66.77,76.48,76.67,76.95,75.77,76.5,98.85,100.11,102.08,99.77,100.36,201.08,23.57,23.68,5124
65.16,67.79,66.17,65.35,67.03,76.77,76.95,77.24,76.05,76.78,99.21,100.46,102.44,100.12,100.73,201.41,23.57,23.69,5136
65.4,68.06,66.44,65.59,67.28,77.04,77.25,77.53,76.34,77.08,99.54,100.81,102.81,100.46,101.07,201.79,23.58,23.69,5148
65.68,68.33,66.69,65.84,67.53,77.33,77.54,77.82,76.62,77.37,99.89,101.16,103.16,100.8,101.42,202.21,23.58,23.69,5160
65.93,68.59,66.94,66.1,67.8,77.63,77.84,78.12,76.91,77.66,100.25,101.53,103.52,101.17,101.79,202.66,23.58,23.69,5172
66.16,68.86,67.2,66.33,68.04,77.9,78.14,78.42,77.2,77.96,100.58,101.86,103.89,101.49,102.13,203.1,23.58,23.69,5184
66.43,69.11,67.45,66.58,68.31,78.19,78.42,78.7,77.47,78.25,100.93,102.22,104.24,101.85,102.49,203.48,23.58,23.7,5196
66.7,69.38,67.71,66.83,68.57,78.47,78.72,79.0,77.76,78.54,101.28,102.57,104.61,102.2,102.84,203.85,23.58,23.7,5208
66.93,69.64,67.97,67.09,68.84,78.77,79.01,79.29,78.05,78.83,101.64,102.94,104.97,102.56,103.2,204.22,23.58,23.7,5220
67.17,69.91,68.23,67.34,69.1,79.06,79.31,79.59,78.33,79.13,101.99,103.29,105.33,102.91,103.56,204.66,23.58,23.7,5232
67.44,70.18,68.49,67.6,69.36,79.35,79.61,79.88,78.62,79.43,102.35,103.65,105.69,103.26,103.92,205.1,23.58,23.7,5244
67.72,70.45,68.75,67.85,69.63,79.64,79.91,80.19,78.92,79.73,102.7,104.01,106.07,103.61,104.28,205.47,23.58,23.7,5256
68.01,70.71,69.0,68.12,69.9,79.94,80.2,80.48,79.2,80.02,103.06,104.38,106.42,103.98,104.65,205.79,23.59,23.7,5268
68.28,70.98,69.26,68.38,70.17,80.24,80.5,80.78,79.48,80.31,103.42,104.74,106.79,104.33,105.02,206.17,23.59,23.7,5280
68.52,71.25,69.53,68.63,70.43,80.52,80.8,81.08,79.78,80.62,103.76,105.09,107.15,104.67,105.36,206.56,23.59,23.7,5292
68.76,71.52,69.79,68.89,70.7,80.82,81.1,81.38,80.06,80.91,104.12,105.45,107.51,105.03,105.73,207.04,23.59,23.7,5304
69.0,71.8,70.06,69.15,70.97,81.11,81.41,81.69,80.36,81.22,104.48,105.82,107.88,105.39,106.09,207.49,23.59,23.7,5316
69.27,72.07,70.33,69.41,71.24,81.4,81.73,81.99,80.66,81.53,104.83,106.17,108.26,105.74,106.45,207.93,23.58,23.7,5328
69.53,72.34,70.58,69.66,71.51,81.7,82.02,82.29,80.94,81.82,105.18,106.53,108.61,106.1,106.81,208.35,23.58,23.7,5340
69.82,72.62,70.86,69.93,71.78,82.0,82.34,82.6,81.24,82.13,105.55,106.9,108.99,106.46,107.18,208.73,23.58,23.69,5352
70.1,72.9,71.12,70.19,72.04,82.3,82.65,82.91,81.54,82.44,105.89,107.25,109.36,106.81,107.54,209.12,23.58,23.69,5364
70.37,73.17,71.39,70.45,72.32,82.6,82.96,83.21,81.83,82.74,106.25,107.62,109.72,107.17,107.9,209.58,23.58,23.69,5376
70.61,73.44,71.65,70.72,72.6,82.9,83.27,83.51,82.12,83.04,106.62,107.99,110.09,107.53,108.27,209.93,23.58,23.69,5388
70.88,73.72,71.92,70.98,72.86,83.19,83.58,83.82,82.42,83.35,106.97,108.34,110.46,107.88,108.63,210.42,23.58,23.69,5400
71.16,74.0,72.18,71.24,73.14,83.5,83.9,84.12,82.71,83.65,107.33,108.71,110.83,108.24,109.0,210.76,23.58,23.69,5412
71.44,74.28,72.46,71.51,73.42,83.8,84.21,84.43,83.01,83.96,107.69,109.07,111.2,108.6,109.37,211.22,23.58,23.68,5424
71.69,74.56,72.73,71.76,73.67,84.08,84.53,84.74,83.31,84.27,108.02,109.41,111.57,108.94,109.71,211.59,23.57,23.68,5436
71.96,74.83,72.99,72.02,73.95,84.38,84.84,85.05,83.6,84.57,108.39,109.78,111.93,109.3,110.08,212.0,23.57,23.68,5448
72.26,75.1,73.25,72.3,74.23,84.7,85.15,85.35,83.89,84.87,108.76,110.16,112.3,109.67,110.46,212.38,23.57,23.68,5460
72.52,75.38,73.52,72.56,74.51,84.99,85.46,85.66,84.19,85.18,109.11,110.52,112.67,110.02,110.82,212.8,23.57,23.67,5472
72.78,75.66,73.79,72.84,74.79,85.3,85.77,85.97,84.48,85.49,109.47,110.88,113.04,110.39,111.19,213.14,23.57,23.67,5484
73.03,75.94,74.06,73.09,75.06,85.59,86.08,86.28,84.78,85.79,109.82,111.24,113.41,110.74,111.55,213.49,23.56,23.67,5496
73.29,76.22,74.33,73.35,75.32,85.88,86.4,86.59,85.08,86.1,110.17,111.59,113.79,111.08,111.91,213.94,23.56,23.67,5508
73.59,76.49,74.59,73.62,75.61,86.19,86.69,86.88,85.37,86.4,110.54,111.97,114.14,111.46,112.28,214.36,23.56,23.66,5520
73.86,76.78,74.87,73.89,75.88,86.49,87.01,87.2,85.67,86.71,110.9,112.33,114.52,111.81,112.65,214.74,23.56,23.66,5532
74.14,77.06,75.14,74.16,76.16,86.79,87.32,87.51,85.97,87.02,111.26,112.7,114.89,112.17,113.01,215.22,23.56,23.66,5544
74.4,77.34,75.41,74.42,76.44,87.09,87.63,87.82,86.27,87.33,111.62,113.06,115.26,112.53,113.38,215.61,23.55,23.66,5556
74.66,77.63,75.69,74.7,76.72,87.4,87.94,88.14,86.58,87.65,111.98,113.43,115.64,112.9,113.75,216.03,23.55,23.65,5568
74.93,77.91,75.97,74.97,77.0,87.71,88.25,88.46,86.88,87.96,112.34,113.79,116.02,113.26,114.12,216.44,23.55,23.65,5580
75.2,78.19,76.24,75.24,77.28,88.01,88.55,88.76,87.18,88.27,112.7,114.16,116.38,113.62,114.49,216.85,23.55,23.65,5592
75.49,78.47,76.51,75.52,77.57,88.32,88.86,89.08,87.48,88.58,113.07,114.54,116.75,113.99,114.87,217.2,23.55,23.65,5604
75.78,78.76,76.79,75.79,77.84,88.62,89.16,89.39,87.78,88.89,113.43,114.9,117.13,114.34,115.23,217.61,23.54,23.64,5616
76.03,79.03,77.05,76.06,78.12,88.93,89.46,89.69,88.08,89.19,113.79,115.27,117.49,114.7,115.6,218.01,23.54,23.64,5628
76.32,79.32,77.34,76.34,78.41,89.25,89.77,90.02,88.39,89.51,114.16,115.65,117.87,115.08,115.98,218.43,23.54,23.64,5640
76.6,79.62,77.62,76.6,78.68,89.54,90.09,90.34,88.7,89.83,114.51,116.0,118.25,115.42,116.34,218.76,23.54,23.63,5652
76.88,79.9,77.9,76.87,78.97,89.85,90.4,90.65,89.01,90.14,114.87,116.36,118.62,115.79,116.7,219.12,23.53,23.63,5664
77.14,80.2,78.19,77.15,79.26,90.17,90.72,90.98,89.32,90.47,115.24,116.74,119.01,116.16,117.08,219.55,23.53,23.63,5676
77.39,80.48,78.46,77.42,79.53,90.46,91.03,91.3,89.63,90.78,115.59,117.09,119.38,116.5,117.44,219.88,23.53,23.63,5688
77.69,80.75,78.73,77.71,79.83,90.78,91.33,91.6,89.92,91.08,115.96,117.47,119.74,116.88,117.82,220.32,23.53,23.62,5700
78.0,81.05,79.02,77.98,80.12,91.1,91.65,91.93,90.24,91.41,116.33,117.84,120.12,117.25,118.19,220.69,23.52,23.62,5712
78.24,81.35,79.3,78.26,80.4,91.4,91.98,92.25,90.55,91.73,116.68,118.2,120.51,117.6,118.56,221.04,23.52,23.62,5724
78.56,81.63,79.58,78.53,80.69,91.72,92.28,92.56,90.85,92.04,117.04,118.57,120.87,117.96,118.93,221.46,23.52,23.62,5736
78.82,81.93,79.86,78.81,80.98,92.03,92.61,92.89,91.17,92.36,117.41,118.95,121.26,118.33,119.3,221.86,23.52,23.61,5748
79.08,82.23,80.15,79.09,81.26,92.34,92.93,93.21,91.48,92.69,117.76,119.31,121.64,118.69,119.66,222.25,23.51,23.61,5760
79.37,82.52,80.43,79.37,81.55,92.65,93.24,93.52,91.78,93.0,118.13,119.68,122.01,119.06,120.04,222.71,23.51,23.61,5772
79.67,82.81,80.71,79.65,81.85,92.97,93.55,93.84,92.09,93.31,118.5,120.06,122.38,119.43,120.42,223.05,23.51,23.6,5784
79.95,83.11,81.0,79.93,82.14,93.28,93.88,94.17,92.4,93.64,118.86,120.42,122.77,119.79,120.79,223.46,23.51,23.6,5796
80.25,83.4,81.28,80.21,82.43,93.59,94.19,94.48,92.71,93.95,119.22,120.79,123.13,120.15,121.17,223.89,23.5,23.6,5808
80.54,83.69,81.57,80.49,82.72,93.91,94.51,94.81,93.02,94.27,119.59,121.17,123.51,120.52,121.54,224.36,23.5,23.6,5820
80.84,84.0,81.86,80.78,83.01,94.22,94.84,95.14,93.34,94.6,119.95,121.54,123.9,120.89,121.91,224.88,23.5,23.59,5832
81.13,84.3,82.15,81.06,83.3,94.54,95.17,95.46,93